{"last_epoch": 1, "best_model": "./results/restormer_l1/best_model_20250313-222931_epoch1_loss0.0204_PSNR29.16.pth", "best_val_loss": 0.02039773763983317, "best_psnr": 29.157752459903932}